id;first_name;last_name;gender;phone;address;city;pincode;created_by;created_date
1;Magnus;Cassin;Graphical User Interface;1-696-945-5934;Sleek Seychelles Rupee;Joyville;backing up Pre-emptive;Iraq;2019-12-26T13:14:53
2;Leda;Keebler;Response purple Handmade;636.583.0588 x4646;Computer Home Loan Account Louisiana;Dennismouth;Investment Account;Berkshire compress even-keeled;2019-12-26T01:01:03
3;Bernice;Von;efficient;(664) 003-0382 x9388;Plastic;Gradyfort;Orchestrator;Sleek Concrete Shirt;2019-12-26T01:22:31
4;Austen;Stamm;override Australia customized;1-927-210-0144 x192;navigating Synchronised Fantastic Fresh Table;West Deven;Associate Lari;turn-key deposit;2019-12-26T02:28:36
5;Danika;Hills;Garden Open-architected;483-821-7270 x0270;throughput;West Emmettton;COM expedite Human;ubiquitous e-tailers;2019-12-26T06:50:33
6;Johann;Mraz;embrace;1-991-968-8547 x899;digital Fully-configurable Handcrafted Cotton Gloves;West Percival;Books Australian Dollar;channels;2019-12-25T14:44:00
7;Emiliano;Kohler;Illinois Assimilated;647.004.5221;neutral;West Marina;systems Intelligent;withdrawal groupware Paradigm;2019-12-25T15:27:42
8;Anabel;Beier;Incredible Steel Tuna Avon Falkland Islands Pound;704-115-3910;Motorway;Kemmerbury;Savings Account Generic;quantifying;2019-12-25T18:01:36
9;Katrina;Waelchi;Estates;028-223-7725 x6078;revolutionary Kansas;Wuckertton;Pre-emptive Inlet Consultant;platforms back-end;2019-12-26T01:50:46
10;Santiago;Bauch;Fresh;161-073-8008 x172;AI;North Daija;Sleek Rubber Tuna Surinam Dollar;Configurable Engineer;2019-12-26T08:09:07
