id;type;first_name;last_name;created_by;created_date
1;ADMIN;Elliot;Sipes;United Arab Emirates USB;2019-12-26T09:40:45
2;FRONTDESK;Alexanne;Collier;Intranet;2019-12-25T22:34:05
3;PHYSICIAN;Alycia;Metz;convergence Awesome Soft Chips scalable;2019-12-25T22:13:17
4;PHYSICIAN;Jarred;Dare;Borders;2019-12-26T01:01:05
5;ADMIN;Geovanny;Stiedemann;Marshall Islands Identity Awesome;2019-12-25T22:44:31
6;FRONTDESK;Daphnee;Thiel;parse;2019-12-26T07:08:20
7;PHYSICIAN;Maribel;Cremin;lime Fish Plastic;2019-12-25T17:28:25
8;PHYSICIAN;Terence;Kohler;middleware Configuration Bedfordshire;2019-12-25T17:58:46
9;PHYSICIAN;Pamela;Larkin;Auto Loan Account Home deposit;2019-12-26T11:16:32
10;FRONTDESK;Demarco;Torphy;Developer;2019-12-26T10:57:02
